,output 1,output 2,output 3,output 4
0,"     Otro jonrÃ³n de #Trump. ğŸ‘ŠğŸ»Y que no se nos olvide que ahÃ­ tambiÃ©n estÃ¡n involucrados los #ClintonCrimeFamily y #Obama, por mencionar algunos.  
","Estimados lectores de  Â¡Ya estÃ¡ disponible la ediciÃ³n No. 817 EscrÃ­benos: lacarpetapurpura.com  #AMLO #4T #COVID19  #Elecciones2020 #Biden #Trump  #Escenarios #Economia #Politica   Â¡AdquiÃ©relo!    ","ğŸ‘‰ Kissinger sugiere que EE.UU no estÃ¡ preparado para lider el mundo ante China y Taiwan podrÃ­a reestablecer relaciones diplomaticas con EE.UU desatanto la furia de China -   #Trump.   ","El hijo del presidente estadounidense #DonaldTrump, Barron, habÃ­a dado positivo al nuevo #Coronavirus, pero ahora sus resultados son negativos, informÃ³ el miÃ©rcoles la primera dama #MelaniaTrump.  
"
1,"Las campaÃ±as de #Biden en la comunidad latina literal es nomas el diciendo ""Hola no soy #Trump vota por mi"". ğŸ¤¦ğŸ»â€â™‚ï¸
","â€¢Ninguna menciÃ³n en lo mÃ¡s mÃ­nimo se utiliza la imagen o se hace menciÃ³n de #AMLO en Estados Unidos por el candidato #DonaldTrump. â€¢No seas mentiroso Jorge. â€¢Muestra un sÃ³lo video legÃ­timo que sostenga lo que afirmas.  ","ğŸ‘‰ #Trump y #Biden redoblan los esfuerzos para atraer a los indecisos en la recta final de la campaÃ±a.    ","La caricatura del aÃ±o: #Trump! Por VÃ­ctor Juhasz, para la   
"
2,"Si pierde #Trump ya verÃ¡n como se acabarÃ¡ el calentamiento global, la opresiÃ³n hacia los negros, las deportaciones, el machismo opresor, aparecerÃ¡ la vacuna etc. Porque en realidad ese no es el problema, el problema es que no les gusta Trump.
","A 21 dÃ­as de las elecciones, Trump y Biden libran duelo en estados clave -       
","Duelo televisado de #Trump y #Biden, cada uno en un canal distinto   
","Universidad de Miami prueba anticuerpos que le dieron a Trump       "
3,"#DonaldTrump afirma que se siente como â€œSupermanâ€ tras tomar Regeneron â–º   ","Se caen las caretas. Facebook y twitter abiertamente a favor de #JoeBiden. Â¿De quÃ© se van a disfrazar cuando reelija #DonaldTrump?  ","Presidente Trump participarÃ¡ en foro de NBC News este jueves     ","#15Oct  | CampaÃ±as de #Trump y #Biden intensifican sus actos en estados clave  "
4,"SALUD con TALA 114 â¤ COVID 19 Una Sindemia // Confinamiento dice la OMS // Regeneron la cura? Definen a la COVID-19 como una SINDEMIA Donald Trump         ","El presidente Donald Trump bailando Macho Men de Village People ğŸ‘  Un ""poderoso"" e ""inmune"" Trump baila durante un mitin de campaÃ±a tras superar el covid-19 y se ofrece a besar a todo el pÃºblico.  Mira el VideoğŸ‘‰          
","â€¢EEUU ELECCIONES: Duelo televisado de #Trump y #Biden, cada uno en un canal distinto.- â€¢TAILANDIA MANIFESTACIONES:  Cientos de manifestantes prodemocracia desoyen la prohibiciÃ³n y protestan en Tailandia.-   
","ğŸ”´ Todos son 'cientÃ­ficos', Twitter tambiÃ©n ğŸ‘‰ğŸ»   #âƒ£ #mil21 #Twitter #Facebook #Redessociales #DonaldTrump #OpiniÃ³n por Alejandro A. Tagliavini  ğŸ‘¥ 
"
5,"#Barron , hijo menor de #Trump tambiÃ©n contrajo el COVID-19   
","Trump participarÃ¡ en foro pÃºblico con electores de Miami     ","#SinAtaduras | Mientras que en #MÃ©xico polÃ­ticos y empresariales siguen aferrados a creer que #Trump es invencible, en #EU no se preguntan si va a ganar sino quÃ© tan grande serÃ¡ su derrota, lee y escucha ğŸ™ la columna de     
","ğŸ“ Todos son 'cientÃ­ficos', Twitter tambiÃ©n ğŸ‘‰ğŸ»   #âƒ£ #CrÃ³nicaLocal #Twitter #Facebook #Redessociales #DonaldTrump #OpiniÃ³n por Alejandro A. Tagliavini  ğŸ‘¥ 
"
6,"#EconomÃ­a Empresarios mexicanos consideran que reelecciÃ³n de #Trump tendrÃ­a repercusiones positivas para    ","ğŸ‘¥ğŸ‡ºğŸ‡¸ Â¿QuiÃ©n serÃ¡ el prÃ³ximo presidente de Estados Unidos? #Biden vs #Trump.   ğŸ“º Este 3 de noviembre sigue la cobertura de las #Elecciones2020 en .  ","Los venezolanos radicados en los #EEUU luego de ganar #HugoChÃ¡vez, y que apoyan a #Biden, tienen algo en comÃºn con el candidato demÃ³crata, las funciones cognitivas las tienen por el suelo.  Que #Trump es un prepotente, su conducta choca, es correcto. Pero es un CRACK EN FINANZAS
","ğŸ—£ï¸ Todos son 'cientÃ­ficos', Twitter tambiÃ©n ğŸ‘‰ğŸ»   #âƒ£ #LaVozdeAvila #Twitter #Facebook #Redessociales #DonaldTrump #OpiniÃ³n por Alejandro A. Tagliavini  ğŸ‘¥ 
"
7,"#Noticias 1âƒ£El historial econÃ³mico del presidente nunca encajÃ³ del todo con la historia en blanco y negro contada por sus ardientes fanÃ¡ticos o sus furiosos enemigos. Y la deuda federal ha aumentado en 5,6 billones de dÃ³lares bajo la supervisiÃ³n de      
","Hijo menor de #Trump, Barron, dio positivo a #COVID19ğŸ‘‰ğŸ‘‰ğŸ‘‰   
","  OtaOla no te oigo denunciando a  y como coarta la libertad de expresiÃ³n a los pro #Trump dejando pasar las falsas noticias de Black Lies Matter y Antifa. *","Sondeo da 17 puntos de ventaja a Biden sobre Trump en los comicios.       "
8,"#Trump rechazÃ³ apoyo de talibanes a su campaÃ±a de reelecciÃ³n.   ","Reglas que no cumple cuando las historias van en contra de Trump. Por ejemplo, la forma ilegal como se consiguieron miembros de la prensa tradicional informaciÃ³n sobre los impuestos de #Trump. Usted piensa que todo se vale para sacar a Trump. Por lo tanto, usted es totalitaria.  
"," Mientras #Trump viaja para recaudar fondos para su pÃ©sima campaÃ±a nuestro presidente  visita Santiago para controlar la marcha de este territorio. #Cuba estÃ¡ a su lado, ha demostrado que ni RaÃºl ni Fidel se equivocaron.     
"," Jajajaa siii y hasta vi  un video de  #Estadounidenses bailando salsa, serÃ¡ que los veremos bailando Joropo a los Venezolanos con #Trump  ?
"
9,"#Trump: â€œEl 3 de noviembre serÃ¡ el dÃ­a mÃ¡s emocionante en la historia de las elecciones estadounidensesâ€.  ","#Trump se reuniÃ³ con alrededor de 7,000 de sus seguidores en         
"," Si los organizadores de la campaÃ±a de #Trump usa la imagen de Castro/Chavez con #Biden, #EEUU lo agradece, ya que advierte a los electores del peligro que corren los estadounidenses con Biden, el candidato de #Cuba Castro #Maduro #Nicaragua Ortega, terroristas     
","#Covid19ğŸ˜· | El hijo del presidente estadounidense #DonaldTrump, Barron, habÃ­a dado positivo al nuevo coronavirus, pero ahora sus resultados son negativos, informÃ³ el miÃ©rcoles la primera dama Melania Trump.  
"
10,"#Elecciones ğŸ‡ºğŸ‡¸ğŸ‡ºğŸ‡¸ğŸ‡ºğŸ‡¸ Muchos tratan de evitar las grandes multitudes que se esperan para el dÃ­a de las elecciones, el 3 de noviembre. #Trump sigue detrÃ¡s de #Biden en las encuestas.  
","ğŸ‡ºğŸ‡¸ğŸ—³ #Trump vs. #Biden este 3 de noviembre. Sigue la mejor cobertura de las elecciones de Estados Unidos por .   ","El impacto econÃ³mico del #COVID19 dificulta la reelecciÃ³n de #Trump. La ausencia de legislaciÃ³n laboral homologable a los ERTE o el Kurzarbeit alemÃ¡n implica una destrucciÃ³n de empleo sin precedentes: 22 millones de puestos de trabajo.    ","|#DiarioLibreUSA | Trump reprocha a Facebook y a Twitter por censurar un artÃ­culo crÃ­tico hacia Biden  AmplÃ­a aquÃ­        "
11,"#Barron, hijo de #DonaldTrump, da positivo a #coronavirus.   
","ğŸ“Œ Â¿CÃ³mo llegÃ³ #Trump a la primera magistratura habiendo perdido el voto popular? La respuesta estÃ¡ en las caracterÃ­sticas del sistema electoral estadounidense ğŸ•µğŸ¾   ğŸ”¸ğŸ”¸ Leer mÃ¡sğŸ‘‡ğŸ¾       ","ã€‹ã€‹ã€‹menos mal que el catire MR #TRUMP estÃ¡  perdiendo en las encuestas con el viejo cagalitroso  ğŸ¤ªğŸ‘†ğŸ˜‚ğŸ˜‚ğŸ˜‚ğŸ˜ğŸ‘†ğŸ‘†ğŸ‘‡ğŸ‘‡ğŸ‘‡  ","#Biden mantiene el leve margen de ventaja sobre #Trump, con 49 % y 47 % respectivamente, segÃºn la encuesta solicitada por #AARP, una organizaciÃ³n sin Ã¡nimo de lucro  
"
12,"#EsterilizaciÃ³nForzada | #Georgia es uno de los Estados en los que peor la pasan nuestros #migrantes. A pesar de que hay menos migrantes que en otros Estados, existe mÃ¡s #racismo y #discriminaciÃ³n que se potencializan con las polÃ­ticas de #Trump. #EstadosUnidos   
","#Elecciones2020 El presidente #DonaldTrump viajÃ³ a Iowa para encabezar otro mitin con sus seguidores.  Te contamos los detalles en #OnceNoticias.  ","ğŸ“£ Las noticias del dÃ­a:  â¡ï¸ #Trump minimiza la pandemia hablando de la recuperaciÃ³n de su hijo Barron, quien dio positivo por #coronavirus.   â¡ï¸  En 46 estados del paÃ­s aumentan los casos de #COVID19.  â¡ï¸ #California en alerta por calor e incendios.    
","No cuenten los pollos antes de nacer. #Trump no perderÃ¡ esas elecciones...la gente no es gafa. #Biden tiene demasiada cola de paja y se la estÃ¡ quemando su rePUTAciÃ³n.  "
13," El Ãºnico paÃ­s que no fue devastado econÃ³micamente  por la pandemia fueron los CHINOS ... murieron millones, propagaron el virus, compraron la OMS, se fortaleciÃ³ su economÃ­a, les guste o no el Ãºnico que les ha puesto un freno es #DonaldTrump por eso 
"," Queremos saber sobre el tema que los medios sacan y que le salpica a Biden como un extorsionador y a su hijo sacando ventajas econÃ³micas en Ukrania! Que hay de eso; Quien va a aclarar? #BidenHarris2020? o el culpable es #Trump  atendÃ mos #LatinosForTrump a ver que dicen!","#Serviciomilitar de la Segunda Guerra Mundial NingÃºn record fue encontrado. SegÃºn su biografÃ­a de Wikipedia, Fred C. #Trump trabajaba como desarrollador inmobiliario cerca de Norfolk, Virginia, durante la guerra, proporcionando vivienda al personal de la marina y sus familias  
","#Tiffany, la hija menos conocida de #DonaldTrump, celebra su cumpleaÃ±os a puro lujo en   
"
14,"#Internacionales CampaÃ±as de #Trump y #Biden intensifican sus actos en estados clave  MÃ¡s informaciÃ³n:    ","  Venezolanos y Cubanos no se dejen lavar el cerebro dejen al hijo  delsenador tranquilo #JoeBidenKamalaHarris2020 corruptos #TrumpIsNotAmerica ya pasarÃ¡ como presidente no presidencial fascista y delincuente estafador de impuestos #trump no ayudarÃ¡ a Venezuela","Trump exige a Biden que revele de ""inmediato"" el supuesto delito de trÃ¡fico de influencias de su hijo Hunter -       
","De cara a las elecciones presidenciales en EEUUğŸ‡ºğŸ‡², este especial te presenta las biografÃ­as de #DonaldTrump y #JoeBiden.  THE CHOICE 2020: TRUMP VS. BIDEN, mÃ­ralo esta noche por  y estÃ©s donde estÃ©s por  ğŸ“²ğŸ’»  ğŸ‡¦ğŸ‡·ğŸ‡ºğŸ‡¾ğŸ‡¨ğŸ‡´ğŸ‡ªğŸ‡¨ğŸ‡µğŸ‡ª 22:30hs | ğŸ‡¨ğŸ‡± 23:30hs  
"
15,"Por favor explÃ­quenme por que esto me hace reÃ­r tanto.. ""La administraciÃ³n #Trump va a poner como prioridad el Trade Deal con China en su segundo periodo""ğŸ˜‚ğŸ˜‚ Que pasÃ³ con la firma de la fase 1? ğŸ˜‚ğŸ˜‚   
","â€¼ï¸ğŸ‡ºğŸ‡¸ğŸ‡»ğŸ‡ª La victoria de Trump serÃ­a mÃ¡s positiva que la de Biden para acabar con el rÃ©gimen de Maduro Nos lo cuenta   AQUÃ ğŸ‘‡    #Trump #VenezuelaLibre #Trump2020 #Election2020     ","ğŸ‘¥ğŸ‡ºğŸ‡¸ Â¿QuiÃ©n serÃ¡ el prÃ³ximo presidente de Estados Unidos? #Biden vs #Trump.   ğŸ“º Este 3 de noviembre sigue la cobertura de las #Elecciones2020 en .  ","#Trump y #Biden aparecen hoy en #TV, ante la cancelaciÃ³n del #debate.   
"
16,"#NUEVO | 'Los Simpson' enumeran 50 razones para no votar por Donald #Trump en las prÃ³ximas #elecciones. La lista completa aquÃ­.    ","Hijo menor de #Trump, Barron, dio positivo a #COVID19ğŸ‘‰ğŸ‘‰ğŸ‘‰   
","El #TribunalSupremo avalÃ³ la decisiÃ³n del presidente #Trump de dar por terminado el #Censo2020  ...  Hoy es el Ãºltimo dÃ­a para poder llenar el formulario del censo ... Â¡ No te quedes sin hacerte contar!  ","Trump podrÃ­a elevar oferta de 1,8 billones de dÃ³lares de fondos estÃ­mulo para llegar a acuerdo con demÃ³cratas      
"
17,"Un minuto sobre socialismo, socialdemocracia y comunismo en #EEUU. #Elecciones #Trump #Biden ğŸ‘‡  
"," Cuando uno reconoce el potencial en otro mÃ¡s allÃ¡ de que no te simpatiza, es tomar en cuenta el impacto de a quiÃ©n le das tu voto...ese seÃ±or es un Gerente en todos los sentidos #Trump .
","El #TribunalSupremo avalÃ³ la decisiÃ³n del presidente #Trump de dar por terminado el #Censo2020  ...  Hoy es el Ãºltimo dÃ­a para poder llenar el formulario del censo ... Â¡ No te quedes sin hacerte contar!  ","Controversia por actos de Agentes de #DHS de los que #Morales aprobÃ³ su operaciÃ³n en #GT agentes asumen mal uso de recursos    "
18,"Encuesta: #Biden supera por mÃ¡s de 8 puntos a #Trump en Michigan y Wisconsin.   ","Claramente los de #Biden querÃ­an impedir el segundo debate cara a cara con #Trump. Lo intentaron con la videollamada y ahora por separado. #Trump se lo come y quieren evitarlo. Cobardes! ","Radio Habana Cuba | #Barrett elude en ComitÃ© Judicial del Senado referirse a los poderes legales del presidente #Trump:   ","ğŸ‘¥ğŸ‡ºğŸ‡¸ Â¿QuiÃ©n serÃ¡ el prÃ³ximo presidente de Estados Unidos? #Biden vs #Trump.   ğŸ“º Este 3 de noviembre sigue la cobertura de las #Elecciones2020 en Imagen TelevisiÃ³n  "
19,"#Trump: â€œLos venezolanos verÃ¡n cosas buenas pasar, siempre estarÃ© con ellosâ€.   
","A #Trump le quedan pocas cosas q hacer pa intentar ganar las elecciones. Ni contagiado con #COVID19 logrÃ³ generar solidaridad y apoyo significativo de sus bases, mas bien rechazo  
","#DonaldTrump #JoeBiden Duelo televisivo entre Trump y Biden: canales distintos y preguntas de los electores para sustituir el debate cancelado    ","""#China liberÃ³ el virus al mundo y solo esta AdministraciÃ³n los harÃ¡ rendir cuentas"", indica presidente #Trump. Reitera sus acusaciones contra PekÃ­n, que, en su opiniÃ³n, tratÃ³ en un primer momento de esconder la amenaza y no hizo nada para impedir a tiempo su propagaciÃ³n.  
"
20,"Â¿QUIÃ‰N GANARÃ LAS ELECCIONES DE ESTADOS UNIDOS? | KATIUSKA ROMERO- AstrÃ³loga y Clarividente   via  #Trump or #Biden      ","Estados Unidos Express: algunas #encuestas sitÃºan la diferencia entre #Biden y #Trump en 17 puntos  ","Cuando #Trump se fotografiÃ³ con una Biblia en la iglesia de Saint John's, el presidente iranÃ­ HasÃ¡n RohanÃ­ condenÃ³ el hecho.    manejÃ³ la informaciÃ³n.      
","ğŸ• Todos son 'cientÃ­ficos', Twitter tambiÃ©n ğŸ‘‰ğŸ»   #âƒ£ #HoraPunta #Twitter #Facebook #Redessociales #DonaldTrump #OpiniÃ³n por Alejandro A. Tagliavini  ğŸ‘¥ 
"
21,"#Wisconsin podrÃ­a ser el punto de inflexiÃ³n en la carrera entre #Trump y   "," Saludos, estimado.   Yo con casi 9 meses de anticipaciÃ³n, sentÃ­a cuando #Trump iba a ganar. Pero no es el mismo escenario de hace unos aÃ±os. Veo las cosas muy competitiva.   Espero el prÃ³ximo debate, y ojalÃ¡ afinen sus propuestas.   Un abrazo, IvÃ¡n.
","Eventos televisivos sustituirÃ¡n debate cara a cara entre #DonaldTrump y #JoeBiden este jueves. La decisiÃ³n de los candidatos a las elecciones de #EEUU llega despuÃ©s de que Trump rechazara participar en el segundo â€˜cara a caraâ€™ con Biden  ","#BBMAs Censuran la actuaciÃ³n de #DemiLovato contra #DonaldTrump en los #BillboardMusicAwards 2020         "
22,"Barron Trump, de 14 aÃ±os, hijo de #DonaldTrump y Melania Trump, tambiÃ©n dio positivo para covid-19. Gracias.- 
","Instalado en la cultura del macho alfa, utilizando un lenguaje del ""con dos cojones"" y promocionando una visiÃ³n clasista, racista y colonial del mundo... Y dirigiendo el mundo.... Con todas ustedes... Pene Trump! / PenisTrump! / Colabo para   .    
"," â€œDe alguna manera estaba agradecida por el hecho de que los tres estuviÃ©ramos pasando por lo mismo a la vez para que pudiÃ©ramos cuidarnos entre nosotros y pasar tiempo juntosâ€. #Melania #Trump revela que su hijo #Barron tambiÃ©n tuvo #covid.      ","Las declaraciones fiscales de #Trump, y su conglomerado empresarial  revelaron que +200 empresas,  y gobiernos extranjeros con contratos en vigor con la administraciÃ³n pÃºblica han aportado millones de dÃ³lares a las empresas del propio Trump.   
"
23,"#14Oct  | CampaÃ±as de #Trump y #Biden intensifican sus actos en estados clave  ","La AdministraciÃ³n #Trump considerarÃ¡ agregar al grupo Ant de China a la lista negra comercial.  El Departamento de Estado de EEUU presentÃ³ una propuesta para agregar al Grupo #Ant de China a una lista negra comercial antes de que salga a bolsa.   ","Necesitamos un #Trump en Chile","CuÃ¡nto te paga la #CIA por hacerle campaÃ±a de #Trump y por hablar mal de #Venezuela?.   Entiendo que seas caucÃ¡sico, pero eres de un paÃ­s no racista llamado #Venezuela, asÃ­ que tu campaÃ±a racista supremacista blanco la puedes hacer pero en   
"
24,"No le digan esto a los #Bidenlovers porque rÃ¡pidamente buscan cualquier cosa absurda sobre #Trump.  ","âš ï¸âš ï¸ Cuando #Trump gobierna en #Espana  ğŸ‡ªğŸ‡¸   ","La primera dama de los Estados Unidos, Melania #Trump, anunciÃ³ que dio negativo para el coronavirus, al tiempo que revelÃ³ que su hijo, Barron, dio positivo a la evaluaciÃ³n de #covid-19. ğŸ¦ ğŸ˜·  
","El futuro de la democracia estÃ¡ a prueba frente a las acusaciones del presidente #Trump ante un fraude electoral.   "
25,"ğŸ‘¥ğŸ‡ºğŸ‡¸ Â¿QuiÃ©n serÃ¡ el prÃ³ximo presidente de Estados Unidos? #Biden vs #Trump.   ğŸ“º Este 3 de noviembre sigue la cobertura de las #Elecciones2020 en .  ","#Trump exige a #Biden que revele de ""inmediato"" el supuesto delito de trÃ¡fico de influencias de su hijo Hunter  
","Exacto, si queremos cambiar la politica destructiva de nuestro pais con el #MedioAmbiente , debemos votar por candidatos en nuestros distintos estados que apoyen la lucha contra el #cambioclimatico, no es solo derrotar a #Trump!    
","Entre los mayores de 70 aÃ±os, #Trump le saca 21 puntos a #Biden (59 % â€“ 38 %), contrariando versiones recientes de un repunte del demÃ³crata entre estos adultos    
"
26,"ğŸ‡ºğŸ‡¸#EU | Steven Mnuchin afirma que #Trump le pidiÃ³ seguir negociaciones para nuevo paquete de alivio por #coronavirus.   ","#COVID ğŸ‡ºğŸ‡¸  Fauci (experto en enfermedades infecciosas) cada dÃ­a nos cuenta una cosa.....alguna serÃ¡ cierta.  Ahora dice que puede haber una vacuna segura y efectiva par a abril. Esto tambiÃ©n lo comentÃ³ #Trump en alguna ocasiÃ³n.  ","#15Oct  | CampaÃ±as de #Trump y #Biden intensifican sus actos en estados clave  ","A pesar de la polÃ­tica antihispana de #Trump, su gobierno ha afectado poco las relaciones econÃ³micas entre ambos paÃ­ses   âš¡    
"
27,"Tratamiento anti-#Covid que recibiÃ³ #Trump no funcionarÃ¡ para todos: #Gates  No obstante, reconociÃ³ que de todas las terapias experimentales, la que recibiÃ³ el mandatario estadounidense, es la mÃ¡s prometedora.  
","#EstadosUnidos #DonaldTrump El hijo pequeÃ±o de Donald Trump tambiÃ©n dio positivo por coronavirus    ","â€¼ï¸ğŸ‡ºğŸ‡¸ğŸ‡»ğŸ‡ª La victoria de Trump serÃ­a mÃ¡s positiva que la de Biden para acabar con el rÃ©gimen de Maduro Nos lo cuenta   AQUÃ ğŸ‘‡    #Trump #VenezuelaLibre #Trump2020 #Election2020     ","Facebook y Twitter censuran un articulo (negativo) sobre Joe #Biden por considerarlo dudoso (en periodo electoral) Â¿HarÃ­an lo mismo con uno (negativo) sobre #Trump?    "
28,"Luces, cÃ¡maraâ€¦ y ataque total: la batalla eterna de Hollywood contra Trump. #Hollywood #Trump #NoticiasDeCine #MovieReviewer   vÃ­a 
","Hermoso... cuÃ¡n difÃ­cil debiÃ³ haber sido para CNN publicar esta noticia...     ","ğŸ“£ Las #noticias del dÃ­a:  â¡ï¸ #Trump minimiza la pandemia hablando de la recuperaciÃ³n de su hijo Barron, quien dio positivo por #coronavirus.   â¡ï¸  En 46 estados del paÃ­s aumentan los casos.  â¡ï¸ #California en alerta por incendios.   ğŸ‘‰ğŸ»    
","Desde #Cuba leyendo que...AsÃ­ de maltrecho #DonaldTrump estÃ¡ a 18 dÃ­as de las elecciones, mientras  el ex presidente #BillClinton se reÃºne en #Miami con figuras cubanoamericanas para apoyar a #Biden      
"
29,"Barron, hijo menor de Donald y Melania #Trump, tambiÃ©n dio positivo a #Covid-19   AsÃ­ lo revelÃ³ Melania Trump a travÃ©s de una carta difundida por la #CasaBlanca.  
","Ya estÃ¡ disponible nuestro informe de apertura de los mercados financieros. El mejor anÃ¡lisis de la situaciÃ³n de las bolsas.  Hoy anÃ¡lisis de los futuros americanos #bolsa #trading #Ibex35 #EEUU #Trump #NASDAQ #Biden   #BCE No te lo pierdas  ","âšªOPINIÃ“N | ""Entre las noticias de la #Covid-19 o las que genera el pandÃ©mico Donald #Trump siempre es posible encontrar un resquicio por el que se cuele un rayo crujiente de felicidad por efÃ­mero que sea"". Por Daniel VÃ¡zquez SallÃ©s    
","A pocos dÃ­as de las elecciones, el  lanza artÃ­culo controversial sobre #Biden y el presidente #Trump felicita al periÃ³dico.    
"
30,"$MPWR muy buen valor  #Trump dio oportunidad de recargar  ","ğŸ“· GALERÃA | #Trump o #Biden: Â¿A quiÃ©n apoyan los famosos?  ","En #EUA tanto #Trump como los #Republicanos tienen mucha prisa para que se apruebe la propuesta de la jueza #Barret: , profesora .  #AsÃ­Amanece con  |    
","#Election2020 #Biden #Trump #Canada #cdnpoli #polcan      "
31,"#14Oct Admirador de #Trump muriÃ³ de un infarto al enterarse que el presidente tenia     ","ğŸ‡ºğŸ‡²ğŸ’£ | #Trump | #Biden | #EstadosUnidos | #Elecciones |  Trump se burlÃ³ de Biden con un meme y lo mandÃ³ al geriÃ¡trico   ","Presidente Trump participarÃ¡ en foro pÃºblico este jueves en Miami      "," #NoMoreTrump #NoMÃ¡sTrump Â¿QuÃ© diferente serÃ­a si los hubiera gastado en su sistema de salud, verdad? #CubağŸ‡¨ğŸ‡º comparte lo que tiene mientras #Trump ğŸ‡ºğŸ‡¸desperdicia suğŸ’µ, porque #AquÃ­NadieSeRinde #SomosContinuidad #TrumpNoNosEntendemos   
"
32,"Â¿Por quÃ© no votar por #DonaldTrump para Presidente de los Estados Unidos?  Pues #TheSimpsons dan 50 razones. ğŸ˜²  ","#Trump, a la defensiva, con los sondeos en contra  
","#BuenJueves en  #Internacional  ğŸ‡®ğŸ‡± #Israel y su campaÃ±a por #Trump ğŸ‡ºğŸ‡¸ #BorderPatrol actuÃ³ en Guatemala contra migrantes ğŸ‡¦ğŸ‡· #Guernica contra el desalojo ğŸ‡ºğŸ‡¾ #Uruguay solidaridad con #Gernica ğŸ‡ªğŸ‡º #Europa rebrote descontrolado, gestiÃ³n represiva    
","#Twitter bloquea la cuenta de la campaÃ±a de #Trump via   "
33,"Hijo menor de #Trump, Barron, dio positivo a #COVID19ğŸ‘‰ğŸ‘‰ğŸ‘‰   
","ğŸ˜·El hijo menor de #Trump, Barron, tambiÃ©n dio positivo en coronavirus    
","Previo a las elecciones presidenciales de Estados Unidos, un sondeo registrÃ³ una ligera ventaja de #JoeBide sobre #DonaldTrump.     #AbreLosOjos #ImagenNoticias con    
","#Noticia desde #Cuba A pesar de #Trump Havana Club sigue creciendo   "
34,"  - Donald Trump; ""Â¡Voy a besar a los hombres y las bellas mujeres!""     
","ğŸ‡ºğŸ‡² La lista de #tratamientos de #DonaldTrump para superar la #COVID19.  ğŸ’Š Â¿QuÃ© es y para quÃ© sirve cada uno de los #farmacos y #compuestos de esta listaâ“   nos lo explica en este ğŸ“¼ de  ğŸ‘‡         "," Son varios que deben estar sufriendo, hasta historiadores venezolanos tenemos vendiendo la idea de que #Trump es igual a #chavez.  Pobre gente.
","El politÃ³logo e historiador estadounidense Alan Lichtman ha acertado sus predicciones electorales desde 1984. Nos explica quien que ganarÃ¡ las #Elecciones2020 en Estados Unidos -si se celebran limpiamente- y por quÃ©      "
35,"           Con motivo de la trÃ¡gica situaciÃ³n de la #COVID19 en EE.UU., la mala gestiÃ³n de su Gobierno y las estupideces de #Trump recuerdo este frase:  ""Y Resoplez comiendo mandarinas por ahÃ­""      
","ğŸ‡ºğŸ‡¸ #DonaldTrump, en un mitin de campaÃ±a en Pensilvania pidiÃ³ muy a su estilo el apoyo de los asistentes: â€œÂ¿Puedo pedirles que me hagan un favor, mujeres de los suburbios? Â¿Me podrÃ­an apoyar, por favor? Por favor. SalvÃ© sus malditos vecindarios, Â¿OK?â€  
","Miami centra campaÃ±a de Trump-Pence por el voto latino y evangÃ©lico              ","Barron, hijo menor de #Trump, tuvo #Covid19 ğŸ¤¦â€â™€ï¸           
"
36," Yaaa!, para farzas tenemos a #Trump  En todo caso: fiuuu, por fin algo de democracia.ğŸ˜ğŸ¤£ğŸ˜‚ğŸ˜‚
","#Trump recortando la ventaja de Biden segÃºn alguna encuesta y siguen conversaciones sobre una nueva ronda de estÃ­mulos. #Fed apela a la necesidad de la polÃ­tica fiscal y monetaria para la recuperaciÃ³n. Quarkes: necesidad de apoyo duradero en treasuries ","     Desde hacÃ© tiempo estÃ© cobarde   defendiendo a su candidato ğŸ’µğŸ’µğŸ’µğŸ’µğŸ’µğŸ’µ  asÃ­ le tiras tierra a  por quÃ© vas por el comunista adversario de #DonaldTrump que clase de periodista son Ã©stos borracho con un pasado oscuro"," Esto pasa cuando las personas tienen problemas personales de auto engaÃ±o, ego y miedo de no confrontarse ellos y emiten un juicio desde sus carencias, seguro el presidente #Trump les revuelve algo en su estomago que aÃºn no han podido digerir de su infancia.
"
37,"#MelaniaTrump ha informado que su hijo #BarronTrump tambiÃ©n contrajo #coronavirus como ella y el presidente #DonaldTrump ""Naturalmente, mi pensamiento se fue inmediatamente hacia nuestro hijo"", seÃ±alÃ³ Melania      
","â€œ #Biden necesita no sÃ³lo la victoria, sino ademÃ¡s que sea indiscutible. En caso de un desenlace muy ajustado, se abrirÃ¡ un perÃ­odo de extraordinaria tensiÃ³n e incertidumbreâ€. Muy recomendable anÃ¡lisis de  sobre los planes de   
"," Tiratela de loco, ya tienes claro el mensaje de 
","De cara a las elecciones presidenciales en EEUUğŸ‡ºğŸ‡², este especial investiga las biografÃ­as de #DonaldTrump y #JoeBiden centrÃ¡ndose en cÃ³mo han respondido en momentos de crisis.   THE CHOICE 2020: TRUMP VS. BIDEN, esta noche por  y  ğŸ“²  
"
38,"ğŸ“Œ #Trump acusa a  de querer subir un 14% los impuestos a la clase media. Esto es falso  Una propaganda lanza esta acusaciÃ³n falsa pero diversos centros de estudio demuestran que no tiene sustento alguno.  âœğŸ»  de     ","Donald Trump â€œverificarÃ¡â€ el tema de los ovnis via:        Se acercan elecciones en #EEUU y los candidatos vuelven a hablar de #ovnis. Ahora es el turno de Donald ","Sondeo Reuters/Ipsos: Trump se acerca a un empate tÃ©cnico con Biden en Florida.    ","ğŸ‡ºğŸ‡¸Â¿A quiÃ©n preferirÃ­a como prÃ³ximo presidente de Estados Unidos? #Biden #Trump #EstadosUnidos ğŸ‡ºğŸ‡¸"
39," Los venezolanos no podemos apoyar al socialismo en ningÃºn lugar del mundo     Mucho menos si son aliados del chavismo... todos los venezolanos apoyamos a #Trump2020   Dios mediante, #Trump pa'lante  
","Names(video)..#LincolnProject..#Covid19..#Trump..   ","Ella es la Dra. Gretchen Goldman  cientÃ­fica ğŸ‡ºğŸ‡¸ entrevistada por #CNN para hablar sobre #Trump al mando de la AdministraciÃ³n Nacional OceÃ¡nica y AtmosfÃ©rica. DespuÃ©s de su entrevista  compartiÃ³ la segunda foto con el siguiente texto:  ","ğŸ‘¥ğŸ‡ºğŸ‡¸ Â¿QuiÃ©n serÃ¡ el prÃ³ximo presidente de Estados Unidos? #Biden vs #Trump.   ğŸ“º Este 3 de noviembre sigue la cobertura de las #Elecciones2020 en .  "
40,"Barron, el hijo menor del presidente de EE.UU., #DonaldTrump, dio positivo en coronavirus despuÃ©s de que sus padres contrajeran la enfermedad. Esto informÃ³ su madre â–¶ï¸  
","#ArrestThePresident Among other things #DonaldTrump is a #Murderer #Covid #pandemic #PandemiaDelCoronavirus 'Arrestar al presidente es tendencia, asÃ­ que querÃ­a aprovechar esta oportunidad para recordarles a todos que Trump es un criminal que deberÃ­a ser arrestado. Vote Biden.'  
","  Haber que moral tenÃ©s   sos un pegador de mujeres fuiste un alcohÃ³lico te volviste zurdo si todo el tiempo atacÃ¡s a #DonaldTrump que se puede esperar de vos ğŸ’µğŸ’µğŸ’µğŸ¤¡ğŸ¤¡ğŸ¤¡ğŸ¤¡ğŸ¤¡ğŸ¤¡ğŸ¤¡ğŸ¤¡","Â¿Demi Lovato contra #DonaldTrump? La cantante se ganÃ³ la censura de los medios en #EU por esta acciÃ³n ğŸ˜²     "
41,"Y Trump es el que se parece a Chavez... give me a f***n' break!  ","#EEUU #China Para ahorrarnos operaciones matematicas: #DonaldTrump dice que lo que estÃ¡ haciendo bien frente a la pandemia: China poblacion 1.439 millones, fallecidos 4.624, EEUU poblacion 330 millones, fallecidos 220.873.Lo estÃ¡ haciendo bien pero para las funerarias
","De ganar #Trump las Prox. elecciones presidenciales de EEUU el #2Nov20 pondrÃ­a al mundo en grave riesgo. La estupidez, arrogancia y ambiciÃ³n de ese hombre causan temor y preocupaciÃ³n.  OjalÃ¡ que la mayorÃ­a del pueblo vote por el mal menor    
","El nazifascismo de un mercenario y arrastrado lacayo.. mayordomo de #Trump     "
42,"Hijo menor de #Trump tambiÃ©n contrajo Covid-19  ","Estados Unidos: Grupo de veteranos pagÃ³ por un anuncio contra Donald Trump en Florida - RPP Noticias      "," #Trump y su Comunidad de Inteligencia dedican presupuestos millonarios para fabricar la contrarrevoluciÃ³n y potenciar la subversiÃ³n polÃ­tico ideolÃ³gica pero la dignidad y rta del heroico pueblo de #Cuba nos ha permitido vencerlos.   ","El #coronavirus agita la campaÃ±a en #EEUU: se contagiaron un hijo de #Trump y dos asesores de      "
43,"Gobierno #Trump impone sanciones drÃ¡sticas a #Bancos iranÃ­es  Fuente:                        ","El hijo de #DonaldTrump, Barron, habÃ­a dado positivo al nuevo coronavirus, pero ahora sus resultados son negativos. #COVID19.  
","Trump da un mitin en Florida, dice que estÃ¡ ""inmunizado"" y promete ""besar a todo el mundo"".    
","El 65% en #EU ve poca seriedad de #Trump en tema    "
44,"Â¡Descarado!  te paga para desprestigiar a #Trump acusandolo de misÃ³gino, cuando no hay nadie peor que Bill Clinton que puso a una pasante a que le hiciera una felaciÃ³n en la casa blanca   
","#EEUU ğŸ‡ºğŸ‡¸ #USA Asesinan a un seguidor de #Trump delante de su hijo y el Trust mediÃ¡tico globalista lo silencia. El asesino estÃ¡ identificado como partidario de #BLM y rabioso simpatizante DemÃ³crata; fue contratado como vigilante de seguridad   ","En el primer mitin desde la lucha contra COVID-19, Trump pintÃ³ una imagen deshonesta de la lucha del paÃ­s contra la enfermedad, burlÃ¡ndose del ex vicepresidente Joe Biden por practicar el distanciamiento social y prometerâ£ â£ --â£ â£       
","Esos Cubanos y Venezolanos van a estar buscando con mucha fuerza el pene de #Trump 's para chupar hoy."
45,"Con #Obama existÃ­a una regla que prohibÃ­a detener a #mujeres embarazadas, #Trump la eliminÃ³ en 2018, ahora es discrecional, se tiene q ver caso por caso. Al inicio del #covid19 veÃ­amos a muchas embarazadas en los Centros de DetenciÃ³n q tuvieron que ser liberadas.   
","#Trump visitÃ³ #Pensilvania, posiblemente el estado mÃ¡s importante en el mapa electoral, donde lanzÃ³ ataques feroces a la aptitud fÃ­sica de #Biden.   
","Â¿CuÃ¡ntos puntos sube  por esto?  (TodavÃ­a sigo con mi apuesta y acabo de doblarla a favor de #Trump)  ","#UltimoMomento Twitter restringe temporalmente la cuenta de la campaÃ±a electoral de #DonaldTrump por un video sobre el hijo de #JoeBiden. La red social explica que el video violÃ³ sus reglas contra la publicaciÃ³n de informaciÃ³n privada.  "
46," La verdad es que es bien contradictoria!! No apoya a #Trump pero dice que pronto veremos a Venezuela libre?? Por arte de magia? Y dando solo apoyo a los que estÃ¡n afuera?","ğŸ“£Barron, hijo menor de #Trump y Melania da positivo a    
","Trump: No permitirÃ© que EEUU se convierta en una versiÃ³n de #Venezuela El canciller Jorge Areaza, tambiÃ©n respondiÃ³ a Trump en su cuenta de Twitter, seÃ±alando que el presidente de Estados Unidos estÃ¡ utilizando a Venezuela como tema de campaÃ±a electoral. Y golpearlo fuerte   
","ğŸ‡ºğŸ‡¸ | #Twitter restringe temporalmente la cuenta de la campaÃ±a electoral de #DonaldTrump por un video sobre el hijo de "
47,"El demÃ³crata Joe Biden supera levemente al presidente Donald Trump entre posibles votantes de Florida      ","Â¡Creo que es desgarrador! 'La cantidad de personas que parecen no reconocer la amenaza que representa #DonaldTrump para sus libertades y el estilo de vida estadounidense es impactante.'  ","A dÃ­as de las elecciones te presentamos el especial: #Trump o #Biden, los latinos piden.   Abordaremos los temas que no se hablaron en los debates y son cruciales para la comunidad.  ï¿¼ ğŸ—“Esta noche â°10 pm / 9C ğŸ“ºAl aire y en plataformas digitales    
","#Trump aventaja a #Biden entre votantes mayores de #Florida, segÃºn     
"
48,"A #Trump le interesa que le vaya bien a #MÃ©xico â¦â©   ","David Alandete, corresponsal #ABC: ""No es inteligente dar por acabado a #Trump""  
","Este jueves #Trump y #Biden participan en foros, separados, a la misma hora en canales diferentes.  con el reporte.  
","En las pÃ¡ginas de este libro se revelarÃ¡n las particularidades astrolÃ³gicas del mandato presidencial de Trump.         "
49,"EN DIRECTO: EnlÃ¡cese al #debate presidencial en Estados Unidos       ","Los 4 aÃ±os de #Trump dejan bajo mÃ­nimos la relaciÃ³n con #AmÃ©ricaLatina. El primer paso para restituir las alianzas hemisfÃ©ricas es abordar la crisis econÃ³mica mundial y poner fin al caos polÃ­tico en EEUU.   analiza cÃ³mo ""Reparar el daÃ±o"".     
","#AARP: #Florida #Biden 49% #Trump 47%. Entre 70 aÃ±os, Trump 59%, Biden 38%. Hispanos, Biden 54, Trump 43. Florida han votado 1.9 millones per., 967,088 demÃ³cratas, 564,455 republicanos, 363,764 independientes y 21,778 otros partidos. Real Clear Politics, en EU, 9 pts arriba Biden
","De cara a las elecciones presidenciales en EEUUğŸ‡ºğŸ‡², este especial investiga las biografÃ­as de #DonaldTrump y #JoeBiden centrÃ¡ndose en cÃ³mo han respondido en momentos de crisis.   THE CHOICE 2020: TRUMP VS. BIDEN, esta noche por  y  ğŸ“²  
"
50,"Joe #Biden afirma que acabarÃ¡ con la divisiÃ³n en Estados Unidos.   Lo que no te dice es que su plan para unir a Estados Unidos gira en torno a eliminar a los blancos.   Dice abiertamente que ""la fuente de nuestra fuerza"" es la eliminaciÃ³n de los blancos      
","""Tan pronto como enfermÃ³ (#Trump) supe que intentarÃ­a usar la enfermedad para ganar las #Elecciones2020, es lo Ãºnico que le importa""  Afirma  en la entrevista de  vÃ­a .  
","Vincular el voto latino Ãºnicamente a las propuestas migratorias es una estrategia errÃ³nea.    ","Una de las #Medidas impuestas por la administraciÃ³n #Trump para afectar la #EconomÃ­aCubana es la prohibiciÃ³n a los #Norteamericanos de importar #RonCubano hacia su paÃ­s         "
51,"  A ver si no pasa como con #DonaldTrump que se â€œsanÃ³â€ en 4 dÃ­as. ","ğŸ”´ Las evidencias de que #Trump va a desvelar alguna noticia impactante sobre Biden, Obama o Clinton en este Octubre Rojo.    vÃ­a 
","Trump exige a Biden que revele de ""inmediato"" el supuesto delito de trÃ¡fico de influencias de su hijo Hunter -       
","#ConspiraciÃ³n #Presentador de Fox News #Cuestiona a #Trump #Sobre los   "
52,"No ha salido en CNN ni en ningÃºn medio que se digna serlo, un #antifa mata a un seguidor de #Trump delante de su hijo   
","#DonaldTrump, y su rival en las elecciones de noviembre, el demÃ³crata #JoeBiden, ya no solo se pisan los talones en las encuestas en #Florida, tambiÃ©n sobre el #terreno.    
","La primera dama de Estados Unidos, Melania Trump, revelÃ³ este miÃ©rcoles que su hijo, Barron Trump, tambiÃ©n tenÃ­a coronavirus, enfermedad que le habÃ­a sido diagnosticada a ella y a su esposo.        
","#ConspiraciÃ³n #Presentador de Fox News #Cuestiona a #Trump #Sobre los   "
53,"Otra maniobra de #DonaldTrump para tratar de minimizar el fracaso de su administraciÃ³n en el enfrentamiento a la #COVID19 y buscar votos para el prÃ³ximo 3 de noviembre  ","Trump e Biden sono testa a testa, secondo Zogby -            
","#Trump y #Biden se miden en duelo televisivo, cada uno en un canal distinto &gt;    
","#ConspiraciÃ³n #Presentador de Fox News #Cuestiona a #Trump #Sobre los   "
54,"ğŸ‘¥ğŸ‡ºğŸ‡¸ Â¿QuiÃ©n serÃ¡ el prÃ³ximo presidente de Estados Unidos? #Biden vs #Trump.   ğŸ“º Este 3 de noviembre sigue la cobertura de las #Elecciones2020 en .  ","ğŸ·ğŸ‡®ğŸ‡¹ #Italia no aprovecha los â€œaranceles #Trumpâ€ contra los vinos envasados franceses, espaÃ±oles y alemanes.  â–¶ï¸         
","ğŸ—£ : ""#Trump ha utilizado #AmÃ©ricaLatina en la construcciÃ³n de su estrategia polÃ­tica siguiendo dos batallas: inmigraciÃ³n y comercio"".   ğŸ”´    
","serÃ­a muy egoÃ­sta de mi parte venir y decirles que voten por #Trump para que ayude a liberar a #Venezuela   Ahora mi opiniÃ³n personal: nadie quiere a #Trump   att: Un venezolano que vive en #USA ğŸ‡ºğŸ‡¸      "
55,"#Trump tiene el #sÃ­ndromeDeLos3Chiflados #DonaldTrump                      ","No Apueste Por #Trump (Don't Gamble on Trump) - Trump dejo a America en bancarrota como lo hizo con sus casinos y sus empresas.  #NoApuestePorTrump #MeidasTouch #VoteBlue #KamalaHarris #JoeBiden #Joe2020 #BidenForPresident     ","Lo normal, vienen huyendo de ella en sus paÃ­ses de origen, como para impulsarlo en US.. votan y apoyan a #Trump como si no hubiera maÃ±ana    
","El dilema de muchos venezolanos en USA ğŸ‡ºğŸ‡¸:   No sÃ© por quiÃ©n votar, si apoyo a #Trump q me asegura que sÃ­ va a invadir a #Venezuela y a liberarnos? Han pasado 4 aÃ±os y nada, y si sÃ³lo estÃ¡ enfermo de poder y quiere perpetuarse en el poder y juega con la voluntad de las personas?
"
56,"#US ğŸ‡ºğŸ‡¸ ğŸ‘‰ Se confirma el aumento de la Confianza del Consumidor bajo la administraciÃ³n #Trump   I'm Sorry   ","Â¿Que asesinan a un seguidor de #Trump delante de su hijo y la izquierda mediÃ¡tica lo silencia? Como que para ellos los seguidores de #Trump no son personas, ergo, sus vidas no importan.   
","â€œEl Presidente #DonaldTrump consumiÃ³ -Anticuerpos Monoclonales- y eso acelerÃ³ el aumento de las defensas y en adultos mayores es muy efectivoâ€.    ğŸ™ en    ğŸ”´  ğŸ”´App    ","El rapero y actor Ice Cube, hace pÃºblico su apoyo a #Trump ğŸ˜  
"
57,"  Es lo que pensamos varios en el mundo! Yo nunca dejÃ© de apoyar todos los dÃ­as a Mr.President #Trump en estos 4 aÃ±os, me siento 1 #Patriots mÃ¡s, amo USA, amo a su Pte,  a su gente, mÃ¡s que nada Republicanos  ğŸ‡ºğŸ‡¸â™¥ï¸     
","#Elecciones2020 #Trump aventaja a Biden entre votantes mayores de Florida, segÃºn sondeo.  
","24% de la poblaciÃ³n latina de EU es protestante, casi 4% de la poblaciÃ³n adulta del paÃ­s.    
","Tremenda dictadura mundial de las tecnolÃ³gicas multinacionales: Twitter bloqueÃ³ la cuenta de la campaÃ±a del presidente de EEUU, Donald #Trump, a 3 semanas de las elecciones.  
"
58,"             Cuando se da rienda suelta a la improvisaciÃ³n sin pensar en el coste para la vida de una persona, poco o nada puede salir bien.  QuÃ© va a hacer #Trump ahora, Ã©l que contaba con este ""Ã©xito"" para reelegirse.  
","AsÃ­ es la nueva #valla de hasta diez metros de altura que Interior construye en Melilla   Para ""cuidar"" a los q intentan saltar...Y despuÃ©s los gobiernos de izquierdas critican el #muro de #Trump HIPOCRESIA ZURDA!
","""Lo hemos vuelto hacer"". Los medios hemos mordido el anzuelo de #Trump al igual que lo hicimos en 2016: El baile de #YMCA se ha hecho viral mientras los escÃ¡ndalos de las taxes, las grabaciones de Woodward y otros se diluyen. No nos sorprendamos despuÃ©s.   
","Lo grave de  y  es q serÃ¡n tomadas como editoriales, por tanto deberÃ¡n responder ante hechos legales. Y por lo visto les conviene, ya q paÃ­ses como ğŸ‡ªğŸ‡¸yğŸ‡»ğŸ‡ª podrÃ¡n dictar q se dice y que no!!! Esto es el fin de la libertad de expresiÃ³n a nivel ğŸŒğŸŒğŸŒ vote 4 #Trump.
"
59,"#AnneApplebaum, historiadora estadounidense, Premio #Pulitzer y experta en los populismos autoritarios: #Trump no sabe la diferencia entre #dictadura y #democracia""    
","#DonaldTrump, y su rival en las elecciones de noviembre, el demÃ³crata #JoeBiden, ya no solo se pisan los talones en las encuestas en #Florida, tambiÃ©n sobre el #terreno.    
","#EEUU Donald #Trump supera por 21 puntos a Joe #Biden (59 % - 38 %) en preferencia entre adultos mayores de 70 aÃ±os  ","Hoy por la noche, #Trump recibirÃ¡ preguntas, por una hora, de los votantes en #NBC y #Biden lo harÃ¡ en #ABC por 90 minutos. Los foros fueron programados despuÃ©s de que se cancelara el debate del jueves entre Biden y Trump, asÃ­ como el debate virtual que Trump tambiÃ©n rechazÃ³.  
"
60,"ğŸ‘¥ ğŸ‡ºğŸ‡¸Â¿QuiÃ©n serÃ¡ el prÃ³ximo presidente de Estados Unidos? #Biden vs #Trump.   ğŸ“º Este 3 de noviembre sigue la cobertura de las #Elecciones2020 en   ","La primera dama de los Estados Unidos, Melania #Trump, anunciÃ³ que dio negativo para el coronavirus, al tiempo que revelÃ³ que su hijo, Barron, dio positivo a la evaluaciÃ³n de #covid-19. ğŸ¦ ğŸ˜·   
","Estos dÃ­as se comenta muchos de los anticuerpos monoclonales q se le inyectÃ³ al presidente #DonaldTrump, que localiza y neutraliza al SARS-CoV2. AquÃ­ detalles en mi artÃ­culo del 5 de octubre.  Candidatos contagiados; todos esperan la vacuna    vÃ­a 
","Cuando faltan 19 dÃ­as para las elecciones Trump y Biden competirÃ¡n por la audiencia de TV en sendas asambleas populares en lugar de un 2do debate      "
61,"#Trump denuncia censura un artÃ­culo periodÃ­stico que revela supuesta corrupciÃ³n de Biden y su hijo Hunter ğŸ“³  Afirma que Twitter y Facebook evitan la propagaciÃ³n.  ","La primera dama de los Estados Unidos, Melania #Trump, anunciÃ³ que dio negativo para el coronavirus, al tiempo que revelÃ³ que su hijo, Barron, dio positivo a la evaluaciÃ³n de #covid-19. ğŸ¦ ğŸ˜·  ğŸ‘‰     
","#15Oct  | CampaÃ±as de #Trump y #Biden intensifican sus actos en estados clave  ","#DonaldTrump dijo estar dispuesto a subir su oferta para un paquete de apoyos econÃ³micos contra el #COVID__19 en #EU. La oferta serÃ­a mayor a 1.8 billones de dÃ³lares. â¡ï¸   "
62,"#Trump acusÃ³ a #Biden de querer darle todo a los regÃ­menes de Cuba, Venezuela y Nicaragua  
","Hoy tengo que decir que a pesar de que el seÃ±or Donald trump  En muchas de sus palabras y a como se dirige a las personas hoy estÃ¡ actuando con cabeza y pensando en sus ciudadanos #no al #CierrESpCovid #DonaldTrump te apoyo  ","Animales sueltos en EEUU, Trump pide enjaularlos   vÃ­a   
","ğŸ”´ ESPAÃ‘A bajo una MAFIA MEDIÃTICA. En EspaÃ±a nos cuentan que las encuestas en #EEUU dan como ganador a Biden con mÃ¡s de 10 puntos de diferencia sobre #Trump, pues viendo este vÃ­deo parece que nos mientenâ€¦ un poco.     vÃ­a 
"
63,"AsÃ­ mismo , al final veremos al seÃ±or #Trump escondidito vacunÃ¡ndose contra la covid con nuestra vacuna  
","#Trump IncreÃ­ble imagen de  el hombre que desafia todas las estrategias de marketing polÃ­tico.  ","Anthony Ribeiro, de 17 aÃ±os, tiene una bandera en honor a #DonaldTrump colgada en el cuarto de su pieza. SegÃºn denunciÃ³, una profesora de la escuela Toms River le exigiÃ³ que la descuelgue. Ante su negativa, afirma que fue echado del aula virtual.   
","Twitter suspende cuentas que fingen ser partidarios negros de #Trump   a travÃ©s de "
64,"Hijo menor del #presidente #DonaldTrump contrajo el #coronavirus. Luego de practicarse nuevos exÃ¡menes dio negativo, afirmÃ³ su madre, la primera dama #MelaniaTrump.  
","#OJO #UnCareto  El periodista  da su 'mejor' versiÃ³n del consejero #Trump , y da cuenta d sus #nonegocios de la #FormaciÃ³nProfesional en los q mezcla lo pÃºblico y lo privado ahora q puede.  Le pasa lo q a Dinio q ""La consejerÃ­a le confunde"". .  
","Donald Trump estarÃ¡ en Miami y participarÃ¡ en foro pÃºblico de NBC       ","Donald Trump estarÃ¡ en Miami y participarÃ¡ en foro pÃºblico de NBC     "
65,"Se me hace que a varios les estÃ¡ dando la Covid a la #Trump  Ahora es #SalinasPliego ğŸ¥±ğŸ™„","Nominada de Trump a la Corte Suprema se enfrenta a tercera audiencia para su confirmaciÃ³n     ","#Trump descarta nuevas medidas de confinamiento, dice que el paÃ­s ""lo estÃ¡ haciendo bien"" - BBG  #COVID19 $SPX $USD
","Rupert Murdoch dueÃ±o de Fox-News, aliado y protector de Donald #Trump no niega haber declarado que esperaba el triunfo aplastante de #Joe Biden en las #Elections_2020 en todo el paÃ­s. Pero sÃ­ dejÃ³ claro una cosa: Ã©l ""nunca llamÃ³ idiota a Trump"". It's done!
"
66,"Zurdos autoconvenciendose que #Trump perderÃ¡ jajaja  ","Zipi y Zape, Ãsterix y ObÃ©lix, Putin y Trump... #detodalavida  #Trump #eleccionesEEUU #autocracia   
","Palabras de #Trump: â€œLos venezolanos verÃ¡n cosas buenas pasar, siempre estarÃ© con ellosâ€  
","De cara a las elecciones presidenciales en EEUUğŸ‡ºğŸ‡², este especial investiga las biografÃ­as de #DonaldTrump y #JoeBiden centrÃ¡ndose en cÃ³mo han respondido en momentos de crisis.   THE CHOICE 2020: TRUMP VS. BIDEN, esta noche por  y  ğŸ“²  
"
67,"Hijo menor del #presidente #DonaldTrump contrajo el #coronavirus. Luego de practicarse nuevos exÃ¡menes dio negativo, afirmÃ³ su madre, la primera dama #MelaniaTrump.  
"," Hola Kiara, gusto en saludarla. AquÃ­ le muestro una prueba de la buena gestiÃ³n petrolera de #Trump desde que inicio, muchos dirÃ¡n, pero el no sabe nada de #petroleo, es verdad, pero sabe de nÃºmeros, contribuyÃ³ bajando los impuestos para que el costo de prod. no los afectarÃ¡  
","Â¿Derecha e izquierda? Vea de una vez por toda cuÃ¡l es la diferencia entre #Trump y    ","La razÃ³n es sencilla, esos muchos que lo critican estÃ¡n acostumbrados a los â€œpolÃ­ticosâ€ como gobernantes (llenos de puras mentiras y un trabajo sucio); en cambio #Trump ha realizado una gestiÃ³n, en donde se evidencian:
"
68,"Ricardo Salinas Pliego Ojala sea Cierto por que esta tan #cobarde que se inventa eso si #Trump mintiÃ³ en eso. que se esperan. si el #AMLO SE invento que le robaron los medicamentos #SalinasPliego OJALA LO TENGAS EN VERDAD OJALA LO TENGAS","La actriz, que acudiÃ³ al meeting Trump Victory 2020, sentenciÃ³ que apoya al mandatario republicano para defender la democracia      
","Agradece #Trump el despliegue de la Guardia Nacional en la frontera para impedir la migraciÃ³n. Y esta es la respuesta del presidente sobre el fraude en quesos y yogur:  #DePisaYCorreTV con   ",". conversa con el actor, productor y director mexicano . HablarÃ¡n sobre su apoyo al presidente #Trump y su designaciÃ³n como vocero de la organizaciÃ³n Latinos for Trump que busca la reelecciÃ³n del primer mandatario. Hoy 9 P.M. (Miami)  
"
69,"El #Inmazeb utiliza la misma tecnologÃ­a que un tratamiento experimental contra el #COVID19 que recibiÃ³ el presidente de #EstadosUnidos #DonaldTrump (mg)  ","#Yo no see #Quien tiene mÃ¡s #miedo los #ex- #presidentes de #Mexico porque les #cobraremos o el electo #Trump que le cortarÃ© el #pito o las #putas que tiene alrededor que #las #masacrare es broma","#Elecciones2020  | Periodistas de la Associated Press (AP) comentaron este miÃ©rcoles que #DonaldTrump, â€œforzado a jugar a la defensivaâ€ visita  Iowa para tratar de salvar votos en el Colegio Electoral donde se elige al nuevo presidente.   
","     #Trump ya estÃ¡ de campaÃ±a en las calles de #TelAviv  photo credit: ITSTRUEBAL ADVERTISING     "
70,"ğŸ“Œ  ""#Trump y los republicanos han provocado una profunda grieta en la confianza nacional y han dividido al paÃ­s que lo estÃ¡n empujando a una gran revuelta similar a una guerra civil""  Por Fernando AndrÃ©s Torres   ğŸ”¸ğŸ”¸ Leer mÃ¡sğŸ‘‡ğŸ¾       
","1âƒ£ La primera dama de los Estados Unidos, Melania #Trump, anunciÃ³ que dio negativo para el coronavirus, al tiempo que revelÃ³ que su hijo, Barron, dio positivo a la evaluaciÃ³n de #covid-19. ğŸ¦ ğŸ˜·  
","#NoMÃ¡sBloqueoğŸ‡¨ğŸ‡ºğŸ¹ğŸ¾ | Una de las mÃ¡s recientes medidas impuestas por la administraciÃ³n #Trump para afectar la economÃ­a cubana es la prohibiciÃ³n a los norteamericanos de importar ron cubano hacia su paÃ­s, ante ello la marca Havana Club no se detiene.  
","Trump podrÃ­a elevar oferta de 1,8 billones de dÃ³lares de fondos estÃ­mulo para llegar a acuerdo con demÃ³cratas    
"
71,"ğŸ‡ºğŸ‡¸ğŸ—³ #Trump vs. #Biden este 3 de noviembre. Sigue la mejor cobertura de las elecciones de Estados Unidos por .   ","Tras recuperarse de #COVID19, #DonaldTrump continÃºa en campaÃ±a. En un tercer acto agradeciÃ³ a  por desplegar a 27 mil elementos de la #GuardiaNacional en la frontera.    #AbreLosOjos #ImagenNoticias con    
","El presidente republicano Donald Trump y su rival demÃ³crata Joe Biden, liderando los sondeos, se disputarÃ¡n este jueves la audiencia en eventos televisados simultÃ¡neos.      
","#Londres ve a #Trump como perdedor y empieza a aproximarse a #Biden â™¦   "
72,"Pero cuÃ¡nta Arrogancia!!! Hasta se parece a Trump.ğŸ¤¦ğŸ»              ","No Apueste Por #Trump (Don't Gamble on Trump) - Trump dejo a America en bancarrota como lo hizo con sus casinos y sus empresas  #NoApuestePorTrump #MeidasTouch #VoteBlue #KamalaHarris #JoeBiden #Joe2020 #BidenForPresident     ","Un anÃ¡lisis cientÃ­fico sobre la relaciÃ³n entre la #pandemia del #COVIDãƒ¼19 y el #RiesgoPolÃ­tico: las elecciones presidenciales en #EstadosUnidos ğŸ‡ºğŸ‡¸ donde compiten #DonaldTrump vs #JoeBiden.         ","El artÃ­culo ""desinfla"" con argumentos los mitos o ilusiones que sustentan la convicciÃ³n de inocencia y justicia de #EEUU. Ilusiones estadounidenses.      
"
73,"ğŸ“Œ Definitivo, #Trump se inventÃ³ eso de que se habÃ­a infectado del ""bicho"" y que milagrosamente se ""salvÃ³""; ahora, el dueÃ±o de #Elektra, Ricardo Salinas, le copia la estrategia y seguro tambiÃ©n se vestirÃ¡ de hÃ©roe y dirÃ¡ como Trump, que no se dejen aterrar por el virus y bla bla
","Jueves #TBT: #SammySosa y su esposa recibieron en su mansiÃ³n al hoy presidente de los #EstadosUnidos, , por allÃ¡ por el â€˜99.   #DonaldTrump siempre ha tenido afinidad por la #RepÃºblicaDominicana.  
","La prensa US,a diario expone,denuncia las vergonzosas mentiras de #Trump TambiÃ©n lo hacen los medios y el progresismo mundial  Sin embargo las MENTIRAS,tan,o mas vergonzosas de #Sanchez se ignoran,especialmente x los mismos q denuncian a Trump x mentiroso   
","#Twitter impide temporalmente que cuenta de campaÃ±a de #Trump haga publicaciones | Reuters  "
74,"#Trump y #Biden ajustaron sus campaÃ±as para motivar a los votantes que bien pudieran resultar decisivos en los comicios del mes prÃ³ximo.  "," Los venezolanos no podemos apoyar al socialismo en ningÃºn lugar del mundo     Mucho menos si son aliados del chavismo... todos los venezolanos apoyamos a #Trump2020   Dios mediante, #Trump pa'lante  
","A menos de tres semanas de las elecciones, mucho del pÃºblico es muy crÃ­tico con el manejo del presidente tanto de la pandemia como de su propia enfermedad.    
","Twitter suspende por varias horas la cuenta de la campaÃ±a de reelecciÃ³n del presidente estadounidense, Donald #Trump, por haber compartido un vÃ­deo en el que atacaba a su rival, Joe Biden. Â    
"
75,"1/3 Estimado, May20, #Trump a raÃ­z q twitter bloqueo sus twit, NO censuro la  plataforma pero le advirtiÃ³ q seguian controlando contenido, entonces dejaran de ser tratadas como plataformas y serÃ¡n tratadas como editoriales.Sin neutralidad, se les aplica Ley+ responsabilidad legal  
","#NOTICIASINTERNACIONALES #DonaldTrump en busca el voto femenino Trump dijo ante una multitud en #Pensilvania que estÃ¡ combatiendo â€œmarxistasâ€ y â€œlunÃ¡ticosâ€ de la oposiciÃ³n demÃ³crata y enviÃ³ un mensaje directo hacia las mujeres, un sector que le ha retirado parcialmente su apoyo.  
","#Trump reparte, recientemente, unos cuatro millones de dÃ³lares a la oposiciÃ³n contra #Cuba ğŸ‡¨ğŸ‡º y ya va por 50 millones de factura total a esta polÃ­tica injerencista que no es mÃ¡s que un negocio del fracasado anticastrismo. Â¡Que se dedique mejor a atender su paÃ­s! .   
","#Internacional - La suspensiÃ³n de #Twitter a la cuenta de campaÃ±a de #Trump se dio por haber compartido un vÃ­deo en el que atacaba a su rival, Joe #Biden, por unas informaciones dudosas aparecidas en el diario     
"
76,"  Desde el principio de su primera campaÃ±a presidencial en 2016 que #Trump critica el ascenso del paÃ­s asiÃ¡tico en los eslabones estratÃ©gicos en la economÃ­a global, asegurando que es una de las principales causantes de la pÃ©rdida de empleos en el paÃ­s. (2/5)
","#15Oct #Entretenimiento #Trump y #Biden medirÃ¡n fuerzas por audiencia televisiva en      ","ğŸ‡ºğŸ‡¸ No solo son #Biden y #Trump: Hay mÃ¡s de 1.200 candidatos a la presidencia de EE.UU    ","Anda, como la cuenta de #Trump.  
"
77,"#14Oct Admirador de #Trump muriÃ³ de un infarto al enterarse que el presidente tenia     ","La aversiÃ³n al riesgo enfrÃ­a el Ã¡nimo en Wall Street y golpea al S&amp;P 500, Covid-19 y elecciones en los Estados Unidos siguen en la mira del mercado #trading #coronavirus #Trump #Biden $SPX    
","#Biden supera levemente a #Trump entre posibles votantes de #Florida, pero entre los adultos mayores el republicano lleva la delantera  
","#Internacional - La suspensiÃ³n de #Twitter a la cuenta de campaÃ±a de #Trump se dio por haber compartido un vÃ­deo en el que atacaba a su rival, Joe #Biden, por unas informaciones dudosas aparecidas en el diario     
"
78,"   Â¿DÃ³nde puedo leer mÃ¡s? ğŸ‘‰ ArtÃ­culo    #AgendaPÃºblica #UsElection #Elecciones2020 #Election2020 #VOTE #EstadosUnidos #Trump #Biden #China  (5/5)","Redoblan medidas de seguridad en Miami por visita de Trump y Pence -       ","Cuenta de Twitter de la campaÃ±a #Trump suspendida. Momento bastante fuerte y sin precedentes en cuanto a la libertad de expresiÃ³n autorizada en 1 campaÃ±a polÃ­tica y la regulaciÃ³n de las redes sociales. Aunque el candidato se lo buscÃ³.  ","La suspensiÃ³n de #Twitter a la cuenta de campaÃ±a de #Trump se dio por haber compartido un vÃ­deo en el que atacaba a su rival, Joe #Biden, por unas informaciones dudosas aparecidas en el diario #NewYorkPost       ğŸ‘ˆğŸ»  
"
79,"COVID-19 alcanza al hijo menor de Trump y arrastra a la campaÃ±a electoral - Diario GestiÃ³n         ","IncreÃ­ble #EEUU. Los DemocRatas juzgaron a #Trump x lo q ellos hicieron, apesta la corrupciÃ³n d #Biden y su hijo #Hunter, Hillary #Clinton tambiÃ©n tiene las manos sucias, pero como buenos Filo-Comunistas tienen engaÃ±ados a millones de incautos, #Twitter y #Facebook son complices  
","Uno de los temas #internacionales que marcÃ³ la agenda del 2020, del cual  dio seguimiento, fue el denominado #AcuerdoDelSiglo entre #Trump y #Netanyaju para la ""resoluciÃ³n"" del conflicto israelÃ­-palestino.    
","#Internacional - La suspensiÃ³n de #Twitter a la cuenta de campaÃ±a de #Trump se dio por haber compartido un vÃ­deo en el que atacaba a su rival, Joe #Biden, por unas informaciones dudosas aparecidas en el diario     
"
